みんなが静かになるまで5分かかりました,大事なことなので一回しかいいません
みんなが静かになるまで5分かかりました,怒らないから正直に言いなさい
みんなが静かになるまで5分かかりました,誰がやったかはもう分かってます
みんなが静かになるまで5分かかりました,みんなが静かになるまで5分かかりました
みんなが静かになるまで5分かかりました,手短に話を終わらせます
みんなが静かになるまで5分かかりました,謝りに来るまで授業しないからな
みんなが静かになるまで5分かかりました,行けたら行きます
大事なことなので一回しかいいません,みんなが静かになるまで5分かかりました
大事なことなので一回しかいいません,怒らないから正直に言いなさい
大事なことなので一回しかいいません,誰がやったかはもう分かってます
大事なことなので一回しかいいません,みんなが静かになるまで5分かかりました
大事なことなので一回しかいいません,手短に話を終わらせます
大事なことなので一回しかいいません,謝りに来るまで授業しないからな
大事なことなので一回しかいいません,行けたら行きます
怒らないから正直に言いなさい,みんなが静かになるまで5分かかりました
怒らないから正直に言いなさい,大事なことなので一回しかいいません
怒らないから正直に言いなさい,誰がやったかはもう分かってます
怒らないから正直に言いなさい,みんなが静かになるまで5分かかりました
怒らないから正直に言いなさい,手短に話を終わらせます
怒らないから正直に言いなさい,謝りに来るまで授業しないからな
怒らないから正直に言いなさい,行けたら行きます
誰がやったかはもう分かってます,みんなが静かになるまで5分かかりました
誰がやったかはもう分かってます,大事なことなので一回しかいいません
誰がやったかはもう分かってます,怒らないから正直に言いなさい
誰がやったかはもう分かってます,みんなが静かになるまで5分かかりました
誰がやったかはもう分かってます,手短に話を終わらせます
誰がやったかはもう分かってます,謝りに来るまで授業しないからな
誰がやったかはもう分かってます,行けたら行きます
みんなが静かになるまで5分かかりました,みんなが静かになるまで5分かかりました
みんなが静かになるまで5分かかりました,大事なことなので一回しかいいません
みんなが静かになるまで5分かかりました,怒らないから正直に言いなさい
みんなが静かになるまで5分かかりました,誰がやったかはもう分かってます
みんなが静かになるまで5分かかりました,手短に話を終わらせます
みんなが静かになるまで5分かかりました,謝りに来るまで授業しないからな
みんなが静かになるまで5分かかりました,行けたら行きます
手短に話を終わらせます,みんなが静かになるまで5分かかりました
手短に話を終わらせます,大事なことなので一回しかいいません
手短に話を終わらせます,怒らないから正直に言いなさい
手短に話を終わらせます,誰がやったかはもう分かってます
手短に話を終わらせます,みんなが静かになるまで5分かかりました
手短に話を終わらせます,謝りに来るまで授業しないからな
手短に話を終わらせます,行けたら行きます
謝りに来るまで授業しないからな,みんなが静かになるまで5分かかりました
謝りに来るまで授業しないからな,大事なことなので一回しかいいません
謝りに来るまで授業しないからな,怒らないから正直に言いなさい
謝りに来るまで授業しないからな,誰がやったかはもう分かってます
謝りに来るまで授業しないからな,みんなが静かになるまで5分かかりました
謝りに来るまで授業しないからな,手短に話を終わらせます
謝りに来るまで授業しないからな,行けたら行きます
行けたら行きます,みんなが静かになるまで5分かかりました
行けたら行きます,大事なことなので一回しかいいません
行けたら行きます,怒らないから正直に言いなさい
行けたら行きます,誰がやったかはもう分かってます
行けたら行きます,みんなが静かになるまで5分かかりました
行けたら行きます,手短に話を終わらせます
行けたら行きます,謝りに来るまで授業しないからな
手渡ししてくる寿司屋,メニューに何も書いていないフレンチ
手渡ししてくる寿司屋,皿の周りにやたらとソースを垂らすレストラン
メニューに何も書いていないフレンチ,手渡ししてくる寿司屋
メニューに何も書いていないフレンチ,皿の周りにやたらとソースを垂らすレストラン
皿の周りにやたらとソースを垂らすレストラン,手渡ししてくる寿司屋
皿の周りにやたらとソースを垂らすレストラン,メニューに何も書いていないフレンチ
ギリギリ遅刻してくるやつ,冬なのに半そで半ズボンのやつ
ギリギリ遅刻してくるやつ,先生のモノマネがうまいやつ
ギリギリ遅刻してくるやつ,かくれんぼで最後まで見つからないやつ
ギリギリ遅刻してくるやつ,ドッチボールで最後まで残るやつ
ギリギリ遅刻してくるやつ,グロい絵を見て俺ヤバいぜオーラを出すやる
ギリギリ遅刻してくるやつ,2ch語を日常の会話でやたら使うやつ
ギリギリ遅刻してくるやつ,毎日遊んでるのにテストの点数が超良い微イケメン
ギリギリ遅刻してくるやつ,テスト日の朝すごい眠そうな顔で来て「ぜんぜん勉強してねぇ」アピールするやつ
ギリギリ遅刻してくるやつ,やたらと闇抱えてるアピールするやつ
ギリギリ遅刻してくるやつ,先生のいないときだけイキるやつ
ギリギリ遅刻してくるやつ,いじめられた訳でもないのに学校にこなくなったやつ
ギリギリ遅刻してくるやつ,２リットルペットボトルをがぶ飲みするデブ
ギリギリ遅刻してくるやつ,やさしそうなデブ
ギリギリ遅刻してくるやつ,先生を「ママ！」と間違えて呼んでしまうやつ
ギリギリ遅刻してくるやつ,なぜかずっと鉛筆を使い続けるストイックなやつ
ギリギリ遅刻してくるやつ,全て分かったように話すうざい奴
ギリギリ遅刻してくるやつ,教科書やノートをちぎっては食べちぎっては食べる人
冬なのに半そで半ズボンのやつ,ギリギリ遅刻してくるやつ
冬なのに半そで半ズボンのやつ,先生のモノマネがうまいやつ
冬なのに半そで半ズボンのやつ,かくれんぼで最後まで見つからないやつ
冬なのに半そで半ズボンのやつ,ドッチボールで最後まで残るやつ
冬なのに半そで半ズボンのやつ,グロい絵を見て俺ヤバいぜオーラを出すやる
冬なのに半そで半ズボンのやつ,2ch語を日常の会話でやたら使うやつ
冬なのに半そで半ズボンのやつ,毎日遊んでるのにテストの点数が超良い微イケメン
冬なのに半そで半ズボンのやつ,テスト日の朝すごい眠そうな顔で来て「ぜんぜん勉強してねぇ」アピールするやつ
冬なのに半そで半ズボンのやつ,やたらと闇抱えてるアピールするやつ
冬なのに半そで半ズボンのやつ,先生のいないときだけイキるやつ
冬なのに半そで半ズボンのやつ,いじめられた訳でもないのに学校にこなくなったやつ
冬なのに半そで半ズボンのやつ,２リットルペットボトルをがぶ飲みするデブ
冬なのに半そで半ズボンのやつ,やさしそうなデブ
冬なのに半そで半ズボンのやつ,先生を「ママ！」と間違えて呼んでしまうやつ
冬なのに半そで半ズボンのやつ,なぜかずっと鉛筆を使い続けるストイックなやつ
冬なのに半そで半ズボンのやつ,全て分かったように話すうざい奴
冬なのに半そで半ズボンのやつ,教科書やノートをちぎっては食べちぎっては食べる人
先生のモノマネがうまいやつ,ギリギリ遅刻してくるやつ
先生のモノマネがうまいやつ,冬なのに半そで半ズボンのやつ
先生のモノマネがうまいやつ,かくれんぼで最後まで見つからないやつ
先生のモノマネがうまいやつ,ドッチボールで最後まで残るやつ
先生のモノマネがうまいやつ,グロい絵を見て俺ヤバいぜオーラを出すやる
先生のモノマネがうまいやつ,2ch語を日常の会話でやたら使うやつ
先生のモノマネがうまいやつ,毎日遊んでるのにテストの点数が超良い微イケメン
先生のモノマネがうまいやつ,テスト日の朝すごい眠そうな顔で来て「ぜんぜん勉強してねぇ」アピールするやつ
先生のモノマネがうまいやつ,やたらと闇抱えてるアピールするやつ
先生のモノマネがうまいやつ,先生のいないときだけイキるやつ
先生のモノマネがうまいやつ,いじめられた訳でもないのに学校にこなくなったやつ
先生のモノマネがうまいやつ,２リットルペットボトルをがぶ飲みするデブ
先生のモノマネがうまいやつ,やさしそうなデブ
先生のモノマネがうまいやつ,先生を「ママ！」と間違えて呼んでしまうやつ
先生のモノマネがうまいやつ,なぜかずっと鉛筆を使い続けるストイックなやつ
先生のモノマネがうまいやつ,全て分かったように話すうざい奴
先生のモノマネがうまいやつ,教科書やノートをちぎっては食べちぎっては食べる人
かくれんぼで最後まで見つからないやつ,ギリギリ遅刻してくるやつ
かくれんぼで最後まで見つからないやつ,冬なのに半そで半ズボンのやつ
かくれんぼで最後まで見つからないやつ,先生のモノマネがうまいやつ
かくれんぼで最後まで見つからないやつ,ドッチボールで最後まで残るやつ
かくれんぼで最後まで見つからないやつ,グロい絵を見て俺ヤバいぜオーラを出すやる
かくれんぼで最後まで見つからないやつ,2ch語を日常の会話でやたら使うやつ
かくれんぼで最後まで見つからないやつ,毎日遊んでるのにテストの点数が超良い微イケメン
かくれんぼで最後まで見つからないやつ,テスト日の朝すごい眠そうな顔で来て「ぜんぜん勉強してねぇ」アピールするやつ
かくれんぼで最後まで見つからないやつ,やたらと闇抱えてるアピールするやつ
かくれんぼで最後まで見つからないやつ,先生のいないときだけイキるやつ
かくれんぼで最後まで見つからないやつ,いじめられた訳でもないのに学校にこなくなったやつ
かくれんぼで最後まで見つからないやつ,２リットルペットボトルをがぶ飲みするデブ
かくれんぼで最後まで見つからないやつ,やさしそうなデブ
かくれんぼで最後まで見つからないやつ,先生を「ママ！」と間違えて呼んでしまうやつ
かくれんぼで最後まで見つからないやつ,なぜかずっと鉛筆を使い続けるストイックなやつ
かくれんぼで最後まで見つからないやつ,全て分かったように話すうざい奴
かくれんぼで最後まで見つからないやつ,教科書やノートをちぎっては食べちぎっては食べる人
ドッチボールで最後まで残るやつ,ギリギリ遅刻してくるやつ
ドッチボールで最後まで残るやつ,冬なのに半そで半ズボンのやつ
ドッチボールで最後まで残るやつ,先生のモノマネがうまいやつ
ドッチボールで最後まで残るやつ,かくれんぼで最後まで見つからないやつ
ドッチボールで最後まで残るやつ,グロい絵を見て俺ヤバいぜオーラを出すやる
ドッチボールで最後まで残るやつ,2ch語を日常の会話でやたら使うやつ
ドッチボールで最後まで残るやつ,毎日遊んでるのにテストの点数が超良い微イケメン
ドッチボールで最後まで残るやつ,テスト日の朝すごい眠そうな顔で来て「ぜんぜん勉強してねぇ」アピールするやつ
ドッチボールで最後まで残るやつ,やたらと闇抱えてるアピールするやつ
ドッチボールで最後まで残るやつ,先生のいないときだけイキるやつ
ドッチボールで最後まで残るやつ,いじめられた訳でもないのに学校にこなくなったやつ
ドッチボールで最後まで残るやつ,２リットルペットボトルをがぶ飲みするデブ
ドッチボールで最後まで残るやつ,やさしそうなデブ
ドッチボールで最後まで残るやつ,先生を「ママ！」と間違えて呼んでしまうやつ
ドッチボールで最後まで残るやつ,なぜかずっと鉛筆を使い続けるストイックなやつ
ドッチボールで最後まで残るやつ,全て分かったように話すうざい奴
ドッチボールで最後まで残るやつ,教科書やノートをちぎっては食べちぎっては食べる人
グロい絵を見て俺ヤバいぜオーラを出すやつ,ギリギリ遅刻してくるやつ
グロい絵を見て俺ヤバいぜオーラを出すやつ,冬なのに半そで半ズボンのやつ
グロい絵を見て俺ヤバいぜオーラを出すやつ,先生のモノマネがうまいやつ
グロい絵を見て俺ヤバいぜオーラを出すやつ,かくれんぼで最後まで見つからないやつ
グロい絵を見て俺ヤバいぜオーラを出すやつ,ドッチボールで最後まで残るやつ
グロい絵を見て俺ヤバいぜオーラを出すやつ,2ch語を日常の会話でやたら使うやつ
グロい絵を見て俺ヤバいぜオーラを出すやつ,毎日遊んでるのにテストの点数が超良い微イケメン
グロい絵を見て俺ヤバいぜオーラを出すやつ,テスト日の朝すごい眠そうな顔で来て「ぜんぜん勉強してねぇ」アピールするやつ
グロい絵を見て俺ヤバいぜオーラを出すやつ,やたらと闇抱えてるアピールするやつ
グロい絵を見て俺ヤバいぜオーラを出すやつ,先生のいないときだけイキるやつ
グロい絵を見て俺ヤバいぜオーラを出すやつ,いじめられた訳でもないのに学校にこなくなったやつ
グロい絵を見て俺ヤバいぜオーラを出すやつ,２リットルペットボトルをがぶ飲みするデブ
グロい絵を見て俺ヤバいぜオーラを出すやつ,やさしそうなデブ
グロい絵を見て俺ヤバいぜオーラを出すやつ,先生を「ママ！」と間違えて呼んでしまうやつ
グロい絵を見て俺ヤバいぜオーラを出すやつ,なぜかずっと鉛筆を使い続けるストイックなやつ
グロい絵を見て俺ヤバいぜオーラを出すやつ,全て分かったように話すうざい奴
グロい絵を見て俺ヤバいぜオーラを出すやつ,教科書やノートをちぎっては食べちぎっては食べる人
2ch語を日常の会話でやたら使うやつ,ギリギリ遅刻してくるやつ
2ch語を日常の会話でやたら使うやつ,冬なのに半そで半ズボンのやつ
2ch語を日常の会話でやたら使うやつ,先生のモノマネがうまいやつ
2ch語を日常の会話でやたら使うやつ,かくれんぼで最後まで見つからないやつ
2ch語を日常の会話でやたら使うやつ,ドッチボールで最後まで残るやつ
2ch語を日常の会話でやたら使うやつ,グロい絵を見て俺ヤバいぜオーラを出すやつ
2ch語を日常の会話でやたら使うやつ,毎日遊んでるのにテストの点数が超良い微イケメン
2ch語を日常の会話でやたら使うやつ,テスト日の朝すごい眠そうな顔で来て「ぜんぜん勉強してねぇ」アピールするやつ
2ch語を日常の会話でやたら使うやつ,やたらと闇抱えてるアピールするやつ
2ch語を日常の会話でやたら使うやつ,先生のいないときだけイキるやつ
2ch語を日常の会話でやたら使うやつ,いじめられた訳でもないのに学校にこなくなったやつ
2ch語を日常の会話でやたら使うやつ,２リットルペットボトルをがぶ飲みするデブ
2ch語を日常の会話でやたら使うやつ,やさしそうなデブ
2ch語を日常の会話でやたら使うやつ,先生を「ママ！」と間違えて呼んでしまうやつ
2ch語を日常の会話でやたら使うやつ,なぜかずっと鉛筆を使い続けるストイックなやつ
2ch語を日常の会話でやたら使うやつ,全て分かったように話すうざい奴
2ch語を日常の会話でやたら使うやつ,教科書やノートをちぎっては食べちぎっては食べる人
毎日遊んでるのにテストの点数が超良い微イケメン,ギリギリ遅刻してくるやつ
毎日遊んでるのにテストの点数が超良い微イケメン,冬なのに半そで半ズボンのやつ
毎日遊んでるのにテストの点数が超良い微イケメン,先生のモノマネがうまいやつ
毎日遊んでるのにテストの点数が超良い微イケメン,かくれんぼで最後まで見つからないやつ
毎日遊んでるのにテストの点数が超良い微イケメン,ドッチボールで最後まで残るやつ
毎日遊んでるのにテストの点数が超良い微イケメン,グロい絵を見て俺ヤバいぜオーラを出すやる
毎日遊んでるのにテストの点数が超良い微イケメン,2ch語を日常の会話でやたら使うやつ
毎日遊んでるのにテストの点数が超良い微イケメン,テスト日の朝すごい眠そうな顔で来て「ぜんぜん勉強してねぇ」アピールするやつ
毎日遊んでるのにテストの点数が超良い微イケメン,やたらと闇抱えてるアピールするやつ
毎日遊んでるのにテストの点数が超良い微イケメン,先生のいないときだけイキるやつ
毎日遊んでるのにテストの点数が超良い微イケメン,いじめられた訳でもないのに学校にこなくなったやつ
毎日遊んでるのにテストの点数が超良い微イケメン,２リットルペットボトルをがぶ飲みするデブ
毎日遊んでるのにテストの点数が超良い微イケメン,やさしそうなデブ
毎日遊んでるのにテストの点数が超良い微イケメン,先生を「ママ！」と間違えて呼んでしまうやつ
毎日遊んでるのにテストの点数が超良い微イケメン,なぜかずっと鉛筆を使い続けるストイックなやつ
毎日遊んでるのにテストの点数が超良い微イケメン,全て分かったように話すうざい奴
毎日遊んでるのにテストの点数が超良い微イケメン,教科書やノートをちぎっては食べちぎっては食べる人
テスト日の朝すごい眠そうな顔で来て「ぜんぜん勉強してねぇ」アピールするやつ,ギリギリ遅刻してくるやつ
テスト日の朝すごい眠そうな顔で来て「ぜんぜん勉強してねぇ」アピールするやつ,冬なのに半そで半ズボンのやつ
テスト日の朝すごい眠そうな顔で来て「ぜんぜん勉強してねぇ」アピールするやつ,先生のモノマネがうまいやつ
テスト日の朝すごい眠そうな顔で来て「ぜんぜん勉強してねぇ」アピールするやつ,かくれんぼで最後まで見つからないやつ
テスト日の朝すごい眠そうな顔で来て「ぜんぜん勉強してねぇ」アピールするやつ,ドッチボールで最後まで残るやつ
テスト日の朝すごい眠そうな顔で来て「ぜんぜん勉強してねぇ」アピールするやつ,グロい絵を見て俺ヤバいぜオーラを出すやる
テスト日の朝すごい眠そうな顔で来て「ぜんぜん勉強してねぇ」アピールするやつ,2ch語を日常の会話でやたら使うやつ
テスト日の朝すごい眠そうな顔で来て「ぜんぜん勉強してねぇ」アピールするやつ,毎日遊んでるのにテストの点数が超良い微イケメン
テスト日の朝すごい眠そうな顔で来て「ぜんぜん勉強してねぇ」アピールするやつ,やたらと闇抱えてるアピールするやつ
テスト日の朝すごい眠そうな顔で来て「ぜんぜん勉強してねぇ」アピールするやつ,先生のいないときだけイキるやつ
テスト日の朝すごい眠そうな顔で来て「ぜんぜん勉強してねぇ」アピールするやつ,いじめられた訳でもないのに学校にこなくなったやつ
テスト日の朝すごい眠そうな顔で来て「ぜんぜん勉強してねぇ」アピールするやつ,２リットルペットボトルをがぶ飲みするデブ
テスト日の朝すごい眠そうな顔で来て「ぜんぜん勉強してねぇ」アピールするやつ,やさしそうなデブ
テスト日の朝すごい眠そうな顔で来て「ぜんぜん勉強してねぇ」アピールするやつ,先生を「ママ！」と間違えて呼んでしまうやつ
テスト日の朝すごい眠そうな顔で来て「ぜんぜん勉強してねぇ」アピールするやつ,なぜかずっと鉛筆を使い続けるストイックなやつ
テスト日の朝すごい眠そうな顔で来て「ぜんぜん勉強してねぇ」アピールするやつ,全て分かったように話すうざい奴
テスト日の朝すごい眠そうな顔で来て「ぜんぜん勉強してねぇ」アピールするやつ,教科書やノートをちぎっては食べちぎっては食べる人
やたらと闇抱えてるアピールするやつ,ギリギリ遅刻してくるやつ
やたらと闇抱えてるアピールするやつ,冬なのに半そで半ズボンのやつ
やたらと闇抱えてるアピールするやつ,先生のモノマネがうまいやつ
やたらと闇抱えてるアピールするやつ,かくれんぼで最後まで見つからないやつ
やたらと闇抱えてるアピールするやつ,ドッチボールで最後まで残るやつ
やたらと闇抱えてるアピールするやつ,グロい絵を見て俺ヤバいぜオーラを出すやる
やたらと闇抱えてるアピールするやつ,2ch語を日常の会話でやたら使うやつ
やたらと闇抱えてるアピールするやつ,毎日遊んでるのにテストの点数が超良い微イケメン
やたらと闇抱えてるアピールするやつ,テスト日の朝すごい眠そうな顔で来て「ぜんぜん勉強してねぇ」アピールするやつ
やたらと闇抱えてるアピールするやつ,先生のいないときだけイキるやつ
やたらと闇抱えてるアピールするやつ,いじめられた訳でもないのに学校にこなくなったやつ
やたらと闇抱えてるアピールするやつ,２リットルペットボトルをがぶ飲みするデブ
やたらと闇抱えてるアピールするやつ,やさしそうなデブ
やたらと闇抱えてるアピールするやつ,先生を「ママ！」と間違えて呼んでしまうやつ
やたらと闇抱えてるアピールするやつ,なぜかずっと鉛筆を使い続けるストイックなやつ
やたらと闇抱えてるアピールするやつ,全て分かったように話すうざい奴
やたらと闇抱えてるアピールするやつ,教科書やノートをちぎっては食べちぎっては食べる人
先生のいないときだけイキるやつ,ギリギリ遅刻してくるやつ
先生のいないときだけイキるやつ,冬なのに半そで半ズボンのやつ
先生のいないときだけイキるやつ,先生のモノマネがうまいやつ
先生のいないときだけイキるやつ,かくれんぼで最後まで見つからないやつ
先生のいないときだけイキるやつ,ドッチボールで最後まで残るやつ
先生のいないときだけイキるやつ,グロい絵を見て俺ヤバいぜオーラを出すやる
先生のいないときだけイキるやつ,2ch語を日常の会話でやたら使うやつ
先生のいないときだけイキるやつ,毎日遊んでるのにテストの点数が超良い微イケメン
先生のいないときだけイキるやつ,テスト日の朝すごい眠そうな顔で来て「ぜんぜん勉強してねぇ」アピールするやつ
先生のいないときだけイキるやつ,やたらと闇抱えてるアピールするやつ
先生のいないときだけイキるやつ,いじめられた訳でもないのに学校にこなくなったやつ
先生のいないときだけイキるやつ,２リットルペットボトルをがぶ飲みするデブ
先生のいないときだけイキるやつ,やさしそうなデブ
先生のいないときだけイキるやつ,先生を「ママ！」と間違えて呼んでしまうやつ
先生のいないときだけイキるやつ,なぜかずっと鉛筆を使い続けるストイックなやつ
先生のいないときだけイキるやつ,全て分かったように話すうざい奴
先生のいないときだけイキるやつ,教科書やノートをちぎっては食べちぎっては食べる人
いじめられた訳でもないのに学校にこなくなったやつ,ギリギリ遅刻してくるやつ
いじめられた訳でもないのに学校にこなくなったやつ,冬なのに半そで半ズボンのやつ
いじめられた訳でもないのに学校にこなくなったやつ,先生のモノマネがうまいやつ
いじめられた訳でもないのに学校にこなくなったやつ,かくれんぼで最後まで見つからないやつ
いじめられた訳でもないのに学校にこなくなったやつ,ドッチボールで最後まで残るやつ
いじめられた訳でもないのに学校にこなくなったやつ,グロい絵を見て俺ヤバいぜオーラを出すやる
いじめられた訳でもないのに学校にこなくなったやつ,2ch語を日常の会話でやたら使うやつ
いじめられた訳でもないのに学校にこなくなったやつ,毎日遊んでるのにテストの点数が超良い微イケメン
いじめられた訳でもないのに学校にこなくなったやつ,テスト日の朝すごい眠そうな顔で来て「ぜんぜん勉強してねぇ」アピールするやつ
いじめられた訳でもないのに学校にこなくなったやつ,やたらと闇抱えてるアピールするやつ
いじめられた訳でもないのに学校にこなくなったやつ,先生のいないときだけイキるやつ
いじめられた訳でもないのに学校にこなくなったやつ,２リットルペットボトルをがぶ飲みするデブ
いじめられた訳でもないのに学校にこなくなったやつ,やさしそうなデブ
いじめられた訳でもないのに学校にこなくなったやつ,先生を「ママ！」と間違えて呼んでしまうやつ
いじめられた訳でもないのに学校にこなくなったやつ,なぜかずっと鉛筆を使い続けるストイックなやつ
いじめられた訳でもないのに学校にこなくなったやつ,全て分かったように話すうざい奴
いじめられた訳でもないのに学校にこなくなったやつ,教科書やノートをちぎっては食べちぎっては食べる人
２リットルペットボトルをがぶ飲みするデブ,ギリギリ遅刻してくるやつ
２リットルペットボトルをがぶ飲みするデブ,冬なのに半そで半ズボンのやつ
２リットルペットボトルをがぶ飲みするデブ,先生のモノマネがうまいやつ
２リットルペットボトルをがぶ飲みするデブ,かくれんぼで最後まで見つからないやつ
２リットルペットボトルをがぶ飲みするデブ,ドッチボールで最後まで残るやつ
２リットルペットボトルをがぶ飲みするデブ,グロい絵を見て俺ヤバいぜオーラを出すやる
２リットルペットボトルをがぶ飲みするデブ,2ch語を日常の会話でやたら使うやつ
２リットルペットボトルをがぶ飲みするデブ,毎日遊んでるのにテストの点数が超良い微イケメン
２リットルペットボトルをがぶ飲みするデブ,テスト日の朝すごい眠そうな顔で来て「ぜんぜん勉強してねぇ」アピールするやつ
２リットルペットボトルをがぶ飲みするデブ,やたらと闇抱えてるアピールするやつ
２リットルペットボトルをがぶ飲みするデブ,先生のいないときだけイキるやつ
２リットルペットボトルをがぶ飲みするデブ,いじめられた訳でもないのに学校にこなくなったやつ
２リットルペットボトルをがぶ飲みするデブ,やさしそうなデブ
２リットルペットボトルをがぶ飲みするデブ,先生を「ママ！」と間違えて呼んでしまうやつ
２リットルペットボトルをがぶ飲みするデブ,なぜかずっと鉛筆を使い続けるストイックなやつ
２リットルペットボトルをがぶ飲みするデブ,全て分かったように話すうざい奴
２リットルペットボトルをがぶ飲みするデブ,教科書やノートをちぎっては食べちぎっては食べる人
やさしそうなデブ,ギリギリ遅刻してくるやつ
やさしそうなデブ,冬なのに半そで半ズボンのやつ
やさしそうなデブ,先生のモノマネがうまいやつ
やさしそうなデブ,かくれんぼで最後まで見つからないやつ
やさしそうなデブ,ドッチボールで最後まで残るやつ
やさしそうなデブ,グロい絵を見て俺ヤバいぜオーラを出すやる
やさしそうなデブ,2ch語を日常の会話でやたら使うやつ
やさしそうなデブ,毎日遊んでるのにテストの点数が超良い微イケメン
やさしそうなデブ,テスト日の朝すごい眠そうな顔で来て「ぜんぜん勉強してねぇ」アピールするやつ
やさしそうなデブ,やたらと闇抱えてるアピールするやつ
やさしそうなデブ,先生のいないときだけイキるやつ
やさしそうなデブ,いじめられた訳でもないのに学校にこなくなったやつ
やさしそうなデブ,２リットルペットボトルをがぶ飲みするデブ
やさしそうなデブ,先生を「ママ！」と間違えて呼んでしまうやつ
やさしそうなデブ,なぜかずっと鉛筆を使い続けるストイックなやつ
やさしそうなデブ,全て分かったように話すうざい奴
やさしそうなデブ,教科書やノートをちぎっては食べちぎっては食べる人
先生を「ママ！」と間違えて呼んでしまうやつ,ギリギリ遅刻してくるやつ
先生を「ママ！」と間違えて呼んでしまうやつ,冬なのに半そで半ズボンのやつ
先生を「ママ！」と間違えて呼んでしまうやつ,先生のモノマネがうまいやつ
先生を「ママ！」と間違えて呼んでしまうやつ,かくれんぼで最後まで見つからないやつ
先生を「ママ！」と間違えて呼んでしまうやつ,ドッチボールで最後まで残るやつ
先生を「ママ！」と間違えて呼んでしまうやつ,グロい絵を見て俺ヤバいぜオーラを出すやる
先生を「ママ！」と間違えて呼んでしまうやつ,2ch語を日常の会話でやたら使うやつ
先生を「ママ！」と間違えて呼んでしまうやつ,毎日遊んでるのにテストの点数が超良い微イケメン
先生を「ママ！」と間違えて呼んでしまうやつ,テスト日の朝すごい眠そうな顔で来て「ぜんぜん勉強してねぇ」アピールするやつ
先生を「ママ！」と間違えて呼んでしまうやつ,やたらと闇抱えてるアピールするやつ
先生を「ママ！」と間違えて呼んでしまうやつ,先生のいないときだけイキるやつ
先生を「ママ！」と間違えて呼んでしまうやつ,いじめられた訳でもないのに学校にこなくなったやつ
先生を「ママ！」と間違えて呼んでしまうやつ,２リットルペットボトルをがぶ飲みするデブ
先生を「ママ！」と間違えて呼んでしまうやつ,やさしそうなデブ
先生を「ママ！」と間違えて呼んでしまうやつ,なぜかずっと鉛筆を使い続けるストイックなやつ
先生を「ママ！」と間違えて呼んでしまうやつ,全て分かったように話すうざい奴
先生を「ママ！」と間違えて呼んでしまうやつ,教科書やノートをちぎっては食べちぎっては食べる人
なぜかずっと鉛筆を使い続けるストイックなやつ,ギリギリ遅刻してくるやつ
なぜかずっと鉛筆を使い続けるストイックなやつ,冬なのに半そで半ズボンのやつ
なぜかずっと鉛筆を使い続けるストイックなやつ,先生のモノマネがうまいやつ
なぜかずっと鉛筆を使い続けるストイックなやつ,かくれんぼで最後まで見つからないやつ
なぜかずっと鉛筆を使い続けるストイックなやつ,ドッチボールで最後まで残るやつ
なぜかずっと鉛筆を使い続けるストイックなやつ,グロい絵を見て俺ヤバいぜオーラを出すやる
なぜかずっと鉛筆を使い続けるストイックなやつ,2ch語を日常の会話でやたら使うやつ
なぜかずっと鉛筆を使い続けるストイックなやつ,毎日遊んでるのにテストの点数が超良い微イケメン
なぜかずっと鉛筆を使い続けるストイックなやつ,テスト日の朝すごい眠そうな顔で来て「ぜんぜん勉強してねぇ」アピールするやつ
なぜかずっと鉛筆を使い続けるストイックなやつ,やたらと闇抱えてるアピールするやつ
なぜかずっと鉛筆を使い続けるストイックなやつ,先生のいないときだけイキるやつ
なぜかずっと鉛筆を使い続けるストイックなやつ,いじめられた訳でもないのに学校にこなくなったやつ
なぜかずっと鉛筆を使い続けるストイックなやつ,２リットルペットボトルをがぶ飲みするデブ
なぜかずっと鉛筆を使い続けるストイックなやつ,やさしそうなデブ
なぜかずっと鉛筆を使い続けるストイックなやつ,先生を「ママ！」と間違えて呼んでしまうやつ
なぜかずっと鉛筆を使い続けるストイックなやつ,全て分かったように話すうざい奴
なぜかずっと鉛筆を使い続けるストイックなやつ,教科書やノートをちぎっては食べちぎっては食べる人
全て分かったように話すうざい奴,ギリギリ遅刻してくるやつ
全て分かったように話すうざい奴,冬なのに半そで半ズボンのやつ
全て分かったように話すうざい奴,先生のモノマネがうまいやつ
全て分かったように話すうざい奴,かくれんぼで最後まで見つからないやつ
全て分かったように話すうざい奴,ドッチボールで最後まで残るやつ
全て分かったように話すうざい奴,グロい絵を見て俺ヤバいぜオーラを出すやる
全て分かったように話すうざい奴,2ch語を日常の会話でやたら使うやつ
全て分かったように話すうざい奴,毎日遊んでるのにテストの点数が超良い微イケメン
全て分かったように話すうざい奴,テスト日の朝すごい眠そうな顔で来て「ぜんぜん勉強してねぇ」アピールするやつ
全て分かったように話すうざい奴,やたらと闇抱えてるアピールするやつ
全て分かったように話すうざい奴,先生のいないときだけイキるやつ
全て分かったように話すうざい奴,いじめられた訳でもないのに学校にこなくなったやつ
全て分かったように話すうざい奴,２リットルペットボトルをがぶ飲みするデブ
全て分かったように話すうざい奴,やさしそうなデブ
全て分かったように話すうざい奴,先生を「ママ！」と間違えて呼んでしまうやつ
全て分かったように話すうざい奴,なぜかずっと鉛筆を使い続けるストイックなやつ
全て分かったように話すうざい奴,教科書やノートをちぎっては食べちぎっては食べる人
教科書やノートをちぎっては食べちぎっては食べる人,ギリギリ遅刻してくるやつ
教科書やノートをちぎっては食べちぎっては食べる人,冬なのに半そで半ズボンのやつ
教科書やノートをちぎっては食べちぎっては食べる人,先生のモノマネがうまいやつ
教科書やノートをちぎっては食べちぎっては食べる人,かくれんぼで最後まで見つからないやつ
教科書やノートをちぎっては食べちぎっては食べる人,ドッチボールで最後まで残るやつ
教科書やノートをちぎっては食べちぎっては食べる人,グロい絵を見て俺ヤバいぜオーラを出すやる
教科書やノートをちぎっては食べちぎっては食べる人,2ch語を日常の会話でやたら使うやつ
教科書やノートをちぎっては食べちぎっては食べる人,毎日遊んでるのにテストの点数が超良い微イケメン
教科書やノートをちぎっては食べちぎっては食べる人,テスト日の朝すごい眠そうな顔で来て「ぜんぜん勉強してねぇ」アピールするやつ
教科書やノートをちぎっては食べちぎっては食べる人,やたらと闇抱えてるアピールするやつ
教科書やノートをちぎっては食べちぎっては食べる人,先生のいないときだけイキるやつ
教科書やノートをちぎっては食べちぎっては食べる人,いじめられた訳でもないのに学校にこなくなったやつ
教科書やノートをちぎっては食べちぎっては食べる人,２リットルペットボトルをがぶ飲みするデブ
教科書やノートをちぎっては食べちぎっては食べる人,やさしそうなデブ
教科書やノートをちぎっては食べちぎっては食べる人,先生を「ママ！」と間違えて呼んでしまうやつ
教科書やノートをちぎっては食べちぎっては食べる人,なぜかずっと鉛筆を使い続けるストイックなやつ
教科書やノートをちぎっては食べちぎっては食べる人,全て分かったように話すうざい奴
テスト前に無性に掃除をしたくなる,勉強してないところがやたらテストに出る
勉強してないところがやたらテストに出る,テスト前に無性に掃除をしたくなる
庶民派の国会議員,芸能界出身の地方議員
庶民派の国会議員,闇営業をする芸人
庶民派の国会議員,浮気をする芸人
庶民派の国会議員,元弁護士の市議会議員
芸能界出身の地方議員,庶民派の国会議員
芸能界出身の地方議員,闇営業をする芸人
芸能界出身の地方議員,浮気をする芸人
芸能界出身の地方議員,元弁護士の市議会議員
闇営業をする芸人,庶民派の国会議員
闇営業をする芸人,芸能界出身の地方議員
闇営業をする芸人,浮気をする芸人
闇営業をする芸人,元弁護士の市議会議員
浮気をする芸人,庶民派の国会議員
浮気をする芸人,芸能界出身の地方議員
浮気をする芸人,闇営業をする芸人
浮気をする芸人,元弁護士の市議会議員
元弁護士の市議会議員,庶民派の国会議員
元弁護士の市議会議員,芸能界出身の地方議員
元弁護士の市議会議員,闇営業をする芸人
元弁護士の市議会議員,浮気をする芸人
牛タンの食べ放題,コーヒーの飲み放題
牛タンの食べ放題,牡蠣の食べ放題
コーヒーの飲み放題,牛タンの食べ放題
コーヒーの飲み放題,牡蠣の食べ放題
牡蠣の食べ放題,牛タンの食べ放題
牡蠣の食べ放題,コーヒーの飲み放題
三つ編みの坊主,狭い通路にデブ
三つ編みの坊主,ドライヤーが長い坊主
三つ編みの坊主,風呂が長いジジイ
三つ編みの坊主,野菜好きのデブ
三つ編みの坊主,シャンプーにこだわるハゲ
狭い通路にデブ,三つ編みの坊主
狭い通路にデブ,ドライヤーが長い坊主
狭い通路にデブ,風呂が長いジジイ
狭い通路にデブ,野菜好きのデブ
狭い通路にデブ,シャンプーにこだわるハゲ
ドライヤーが長い坊主,三つ編みの坊主
ドライヤーが長い坊主,狭い通路にデブ
ドライヤーが長い坊主,風呂が長いジジイ
ドライヤーが長い坊主,野菜好きのデブ
ドライヤーが長い坊主,シャンプーにこだわるハゲ
風呂が長いジジイ,三つ編みの坊主
風呂が長いジジイ,狭い通路にデブ
風呂が長いジジイ,ドライヤーが長い坊主
風呂が長いジジイ,野菜好きのデブ
風呂が長いジジイ,シャンプーにこだわるハゲ
野菜好きのデブ,三つ編みの坊主
野菜好きのデブ,狭い通路にデブ
野菜好きのデブ,ドライヤーが長い坊主
野菜好きのデブ,風呂が長いジジイ
野菜好きのデブ,シャンプーにこだわるハゲ
シャンプーにこだわるハゲ,三つ編みの坊主
シャンプーにこだわるハゲ,狭い通路にデブ
シャンプーにこだわるハゲ,ドライヤーが長い坊主
シャンプーにこだわるハゲ,風呂が長いジジイ
シャンプーにこだわるハゲ,野菜好きのデブ
鼻くそが主食,ぬかみそがおかず
ぬかみそがおかず,鼻くそが主食
入れ歯の代わりにトウモロコシ,補聴器の代わりにパンくず
補聴器の代わりにパンくず,入れ歯の代わりにトウモロコシ
一人だけビーフ,抑えめのビーム
一人だけビーフ,自分だけのブーム
一人だけビーフ,控えめのリード
一人だけビーフ,キレ気味のコック
一人だけビーフ,見え見えのキック
一人だけビーフ,イライラのピーク
抑えめのビーム,一人だけビーフ
抑えめのビーム,自分だけのブーム
抑えめのビーム,控えめのリード
抑えめのビーム,キレ気味のコック
抑えめのビーム,見え見えのキック
抑えめのビーム,イライラのピーク
自分だけのブーム,一人だけビーフ
自分だけのブーム,抑えめのビーム
自分だけのブーム,控えめのリード
自分だけのブーム,キレ気味のコック
自分だけのブーム,見え見えのキック
自分だけのブーム,イライラのピーク
控えめのリード,一人だけビーフ
控えめのリード,抑えめのビーム
控えめのリード,自分だけのブーム
控えめのリード,キレ気味のコック
控えめのリード,見え見えのキック
控えめのリード,イライラのピーク
キレ気味のコック,一人だけビーフ
キレ気味のコック,抑えめのビーム
キレ気味のコック,自分だけのブーム
キレ気味のコック,控えめのリード
キレ気味のコック,見え見えのキック
キレ気味のコック,イライラのピーク
見え見えのキック,一人だけビーフ
見え見えのキック,抑えめのビーム
見え見えのキック,自分だけのブーム
見え見えのキック,控えめのリード
見え見えのキック,キレ気味のコック
見え見えのキック,イライラのピーク
イライラのピーク,一人だけビーフ
イライラのピーク,抑えめのビーム
イライラのピーク,自分だけのブーム
イライラのピーク,控えめのリード
イライラのピーク,キレ気味のコック
イライラのピーク,見え見えのキック
ドラえもんがいないのび太,すぐに忍道を曲げるナルト
ドラえもんがいないのび太,ワクワクしない悟空
ドラえもんがいないのび太,腕が伸びないルフィ
ドラえもんがいないのび太,きびだんごを持っていない桃太郎
すぐに忍道を曲げるナルト,ドラえもんがいないのび太
すぐに忍道を曲げるナルト,ワクワクしない悟空
すぐに忍道を曲げるナルト,腕が伸びないルフィ
すぐに忍道を曲げるナルト,きびだんごを持っていない桃太郎
ワクワクしない悟空,ドラえもんがいないのび太
ワクワクしない悟空,すぐに忍道を曲げるナルト
ワクワクしない悟空,腕が伸びないルフィ
ワクワクしない悟空,きびだんごを持っていない桃太郎
腕が伸びないルフィ,ドラえもんがいないのび太
腕が伸びないルフィ,すぐに忍道を曲げるナルト
腕が伸びないルフィ,ワクワクしない悟空
腕が伸びないルフィ,きびだんごを持っていない桃太郎
きびだんごを持っていない桃太郎,ドラえもんがいないのび太
きびだんごを持っていない桃太郎,すぐに忍道を曲げるナルト
きびだんごを持っていない桃太郎,ワクワクしない悟空
きびだんごを持っていない桃太郎,腕が伸びないルフィ
鍵穴にナッツ,筆箱にチーズ
鍵穴にナッツ,下駄箱にチーズ
筆箱にチーズ,鍵穴にナッツ
筆箱にチーズ,下駄箱にチーズ
下駄箱にチーズ,鍵穴にナッツ
下駄箱にチーズ,筆箱にチーズ
公道を走るトラクター,高速道路を爆走する自転車
公道を走るトラクター,五人で原付に乗る家族
公道を走るトラクター,上半身裸で畑仕事をする田舎の婆
公道を走るトラクター,学校のグランドからアサリが出てくる
公道を走るトラクター,裏山から埋蔵金が出てくる
高速道路を爆走する自転車,公道を走るトラクター
高速道路を爆走する自転車,五人で原付に乗る家族
高速道路を爆走する自転車,上半身裸で畑仕事をする田舎の婆
高速道路を爆走する自転車,学校のグランドからアサリが出てくる
高速道路を爆走する自転車,裏山から埋蔵金が出てくる
五人で原付に乗る家族,公道を走るトラクター
五人で原付に乗る家族,高速道路を爆走する自転車
五人で原付に乗る家族,上半身裸で畑仕事をする田舎の婆
五人で原付に乗る家族,学校のグランドからアサリが出てくる
五人で原付に乗る家族,裏山から埋蔵金が出てくる
上半身裸で畑仕事をする田舎の婆,公道を走るトラクター
上半身裸で畑仕事をする田舎の婆,高速道路を爆走する自転車
上半身裸で畑仕事をする田舎の婆,五人で原付に乗る家族
上半身裸で畑仕事をする田舎の婆,学校のグランドからアサリが出てくる
上半身裸で畑仕事をする田舎の婆,裏山から埋蔵金が出てくる
学校のグランドからアサリが出てくる,公道を走るトラクター
学校のグランドからアサリが出てくる,高速道路を爆走する自転車
学校のグランドからアサリが出てくる,五人で原付に乗る家族
学校のグランドからアサリが出てくる,上半身裸で畑仕事をする田舎の婆
学校のグランドからアサリが出てくる,裏山から埋蔵金が出てくる
裏山から埋蔵金が出てくる,公道を走るトラクター
裏山から埋蔵金が出てくる,高速道路を爆走する自転車
裏山から埋蔵金が出てくる,五人で原付に乗る家族
裏山から埋蔵金が出てくる,上半身裸で畑仕事をする田舎の婆
裏山から埋蔵金が出てくる,学校のグランドからアサリが出てくる
きまぐれなコック,ベテランの刑事
きまぐれなコック,スケバンの刑事
きまぐれなコック,イライラのピーク
きまぐれなコック,ニコラス・ケイジ
きまぐれなコック,インテリな刑事
ベテランの刑事,きまぐれなコック
ベテランの刑事,スケバンの刑事
ベテランの刑事,イライラのピーク
ベテランの刑事,ニコラス・ケイジ
ベテランの刑事,インテリな刑事
スケバンの刑事,きまぐれなコック
スケバンの刑事,ベテランの刑事
スケバンの刑事,イライラのピーク
スケバンの刑事,ニコラス・ケイジ
スケバンの刑事,インテリな刑事
イライラのピーク,きまぐれなコック
イライラのピーク,ベテランの刑事
イライラのピーク,スケバンの刑事
イライラのピーク,ニコラス・ケイジ
イライラのピーク,インテリな刑事
ニコラス・ケイジ,きまぐれなコック
ニコラス・ケイジ,ベテランの刑事
ニコラス・ケイジ,スケバンの刑事
ニコラス・ケイジ,イライラのピーク
ニコラス・ケイジ,インテリな刑事
インテリな刑事,きまぐれなコック
インテリな刑事,ベテランの刑事
インテリな刑事,スケバンの刑事
インテリな刑事,イライラのピーク
インテリな刑事,ニコラス・ケイジ
自分のおしっこなら手についても気にしない,床に落ちても3秒以内に拾えば食べれる
自分のおしっこなら手についても気にしない,食後にはみがきをしない
自分のおしっこなら手についても気にしない,公衆トイレで人がいても気にせずおならをする
自分のおしっこなら手についても気にしない,ラーメンを音を立ててすする
自分のおしっこなら手についても気にしない,イスにあぐらをかいて座る
自分のおしっこなら手についても気にしない,ヨーグルトのフタをなめる
自分のおしっこなら手についても気にしない,休日は昼からビールを飲む
自分のおしっこなら手についても気にしない,シャワーを浴びながらおしっこをする
自分のおしっこなら手についても気にしない,とんがりコーンを指につけて遊ぶ
自分のおしっこなら手についても気にしない,足でドアを閉める
床に落ちても3秒以内に拾えば食べれる,自分のおしっこなら手についても気にしない
床に落ちても3秒以内に拾えば食べれる,食後にはみがきをしない
床に落ちても3秒以内に拾えば食べれる,公衆トイレで人がいても気にせずおならをする
床に落ちても3秒以内に拾えば食べれる,ラーメンを音を立ててすする
床に落ちても3秒以内に拾えば食べれる,イスにあぐらをかいて座る
床に落ちても3秒以内に拾えば食べれる,ヨーグルトのフタをなめる
床に落ちても3秒以内に拾えば食べれる,休日は昼からビールを飲む
床に落ちても3秒以内に拾えば食べれる,シャワーを浴びながらおしっこをする
床に落ちても3秒以内に拾えば食べれる,とんがりコーンを指につけて遊ぶ
床に落ちても3秒以内に拾えば食べれる,足でドアを閉める
食後にはみがきをしない,自分のおしっこなら手についても気にしない
食後にはみがきをしない,床に落ちても3秒以内に拾えば食べれる
食後にはみがきをしない,公衆トイレで人がいても気にせずおならをする
食後にはみがきをしない,ラーメンを音を立ててすする
食後にはみがきをしない,イスにあぐらをかいて座る
食後にはみがきをしない,ヨーグルトのフタをなめる
食後にはみがきをしない,休日は昼からビールを飲む
食後にはみがきをしない,シャワーを浴びながらおしっこをする
食後にはみがきをしない,とんがりコーンを指につけて遊ぶ
食後にはみがきをしない,足でドアを閉める
公衆トイレで人がいても気にせずおならをする,自分のおしっこなら手についても気にしない
公衆トイレで人がいても気にせずおならをする,床に落ちても3秒以内に拾えば食べれる
公衆トイレで人がいても気にせずおならをする,食後にはみがきをしない
公衆トイレで人がいても気にせずおならをする,ラーメンを音を立ててすする
公衆トイレで人がいても気にせずおならをする,イスにあぐらをかいて座る
公衆トイレで人がいても気にせずおならをする,ヨーグルトのフタをなめる
公衆トイレで人がいても気にせずおならをする,休日は昼からビールを飲む
公衆トイレで人がいても気にせずおならをする,シャワーを浴びながらおしっこをする
公衆トイレで人がいても気にせずおならをする,とんがりコーンを指につけて遊ぶ
公衆トイレで人がいても気にせずおならをする,足でドアを閉める
ラーメンを音を立ててすする,自分のおしっこなら手についても気にしない
ラーメンを音を立ててすする,床に落ちても3秒以内に拾えば食べれる
ラーメンを音を立ててすする,食後にはみがきをしない
ラーメンを音を立ててすする,公衆トイレで人がいても気にせずおならをする
ラーメンを音を立ててすする,イスにあぐらをかいて座る
ラーメンを音を立ててすする,ヨーグルトのフタをなめる
ラーメンを音を立ててすする,休日は昼からビールを飲む
ラーメンを音を立ててすする,シャワーを浴びながらおしっこをする
ラーメンを音を立ててすする,とんがりコーンを指につけて遊ぶ
ラーメンを音を立ててすする,足でドアを閉める
イスにあぐらをかいて座る,自分のおしっこなら手についても気にしない
イスにあぐらをかいて座る,床に落ちても3秒以内に拾えば食べれる
イスにあぐらをかいて座る,食後にはみがきをしない
イスにあぐらをかいて座る,公衆トイレで人がいても気にせずおならをする
イスにあぐらをかいて座る,ラーメンを音を立ててすする
イスにあぐらをかいて座る,ヨーグルトのフタをなめる
イスにあぐらをかいて座る,休日は昼からビールを飲む
イスにあぐらをかいて座る,シャワーを浴びながらおしっこをする
イスにあぐらをかいて座る,とんがりコーンを指につけて遊ぶ
イスにあぐらをかいて座る,足でドアを閉める
ヨーグルトのフタをなめる,自分のおしっこなら手についても気にしない
ヨーグルトのフタをなめる,床に落ちても3秒以内に拾えば食べれる
ヨーグルトのフタをなめる,食後にはみがきをしない
ヨーグルトのフタをなめる,公衆トイレで人がいても気にせずおならをする
ヨーグルトのフタをなめる,ラーメンを音を立ててすする
ヨーグルトのフタをなめる,イスにあぐらをかいて座る
ヨーグルトのフタをなめる,休日は昼からビールを飲む
ヨーグルトのフタをなめる,シャワーを浴びながらおしっこをする
ヨーグルトのフタをなめる,とんがりコーンを指につけて遊ぶ
ヨーグルトのフタをなめる,足でドアを閉める
休日は昼からビールを飲む,自分のおしっこなら手についても気にしない
休日は昼からビールを飲む,床に落ちても3秒以内に拾えば食べれる
休日は昼からビールを飲む,食後にはみがきをしない
休日は昼からビールを飲む,公衆トイレで人がいても気にせずおならをする
休日は昼からビールを飲む,ラーメンを音を立ててすする
休日は昼からビールを飲む,イスにあぐらをかいて座る
休日は昼からビールを飲む,ヨーグルトのフタをなめる
休日は昼からビールを飲む,シャワーを浴びながらおしっこをする
休日は昼からビールを飲む,とんがりコーンを指につけて遊ぶ
休日は昼からビールを飲む,足でドアを閉める
シャワーを浴びながらおしっこをする,自分のおしっこなら手についても気にしない
シャワーを浴びながらおしっこをする,床に落ちても3秒以内に拾えば食べれる
シャワーを浴びながらおしっこをする,食後にはみがきをしない
シャワーを浴びながらおしっこをする,公衆トイレで人がいても気にせずおならをする
シャワーを浴びながらおしっこをする,ラーメンを音を立ててすする
シャワーを浴びながらおしっこをする,イスにあぐらをかいて座る
シャワーを浴びながらおしっこをする,ヨーグルトのフタをなめる
シャワーを浴びながらおしっこをする,休日は昼からビールを飲む
シャワーを浴びながらおしっこをする,とんがりコーンを指につけて遊ぶ
シャワーを浴びながらおしっこをする,足でドアを閉める
とんがりコーンを指につけて遊ぶ,自分のおしっこなら手についても気にしない
とんがりコーンを指につけて遊ぶ,床に落ちても3秒以内に拾えば食べれる
とんがりコーンを指につけて遊ぶ,食後にはみがきをしない
とんがりコーンを指につけて遊ぶ,公衆トイレで人がいても気にせずおならをする
とんがりコーンを指につけて遊ぶ,ラーメンを音を立ててすする
とんがりコーンを指につけて遊ぶ,イスにあぐらをかいて座る
とんがりコーンを指につけて遊ぶ,ヨーグルトのフタをなめる
とんがりコーンを指につけて遊ぶ,休日は昼からビールを飲む
とんがりコーンを指につけて遊ぶ,シャワーを浴びながらおしっこをする
とんがりコーンを指につけて遊ぶ,足でドアを閉める
足でドアを閉める,自分のおしっこなら手についても気にしない
足でドアを閉める,床に落ちても3秒以内に拾えば食べれる
足でドアを閉める,食後にはみがきをしない
足でドアを閉める,公衆トイレで人がいても気にせずおならをする
足でドアを閉める,ラーメンを音を立ててすする
足でドアを閉める,イスにあぐらをかいて座る
足でドアを閉める,ヨーグルトのフタをなめる
足でドアを閉める,休日は昼からビールを飲む
足でドアを閉める,シャワーを浴びながらおしっこをする
足でドアを閉める,とんがりコーンを指につけて遊ぶ
